Compliance, Name,Is a dependency?,URL,Licence,Details
True,boolean.py,True,https://github.com/bastikr/boolean.py,BSD-2-Clause,Automatic licence assessment meets the configured policy.
True,boto3,True,https://github.com/boto/boto3,Apache-2.0,Automatic licence assessment meets the configured policy.
True,botocore,True,https://github.com/boto/botocore,Apache-2.0,Automatic licence assessment meets the configured policy.
True,bracex,True,https://github.com/facelessuser/bracex,MIT,Automatic licence assessment meets the configured policy.
True,certifi,True,https://github.com/certifi/python-certifi,MPL-2.0,Automatic licence assessment meets the configured policy.
True,cffi,True,https://github.com/python-cffi/cffi/issues,MIT-0,Automatic licence assessment does not meet the configured policy; accepted after manual review: MIT.
True,charset-normalizer,True,https://github.com/jawah/charset_normalizer/issues,MIT,Automatic licence assessment meets the configured policy.
True,click,True,https://github.com/pallets/click/,BSD-3-Clause,Automatic licence assessment meets the configured policy.
True,click-default-group,True,https://github.com/click-contrib/click-default-group,Unknown,Automatic licence assessment does not meet the configured policy; accepted after manual review: BSD-3-Clause.
True,continuous-delivery-scripts,False,https://github.com/ARMmbed/continuous-delivery-scripts,Apache-2.0,Automatic licence assessment meets the configured policy.
True,cryptography,True,https://github.com/pyca/cryptography/,Apache-2.0 OR BSD-3-Clause,Automatic licence assessment meets the configured policy.
True,detect-secrets,True,https://github.com/Yelp/detect-secrets,Apache-2.0,Automatic licence assessment meets the configured policy.
True,docutils,True,https://sourceforge.net/p/docutils/bugs/,Unknown,Automatic licence assessment does not meet the configured policy; accepted after manual review: BSD-3-Clause.
True,gibberish-detector,True,https://github.com/domanchi/gibberish-detector,MIT,Automatic licence assessment meets the configured policy.
True,gitdb,True,https://github.com/gitpython-developers/gitdb,0BSD,Automatic licence assessment meets the configured policy.
True,GitPython,True,https://gitpython.readthedocs.io/en/stable/,BSD-3-Clause,Automatic licence assessment meets the configured policy.
True,id,True,https://github.com/di/id,Apache-2.0,Automatic licence assessment meets the configured policy.
True,idna,True,https://github.com/kjd/idna,BSD-3-Clause,Automatic licence assessment meets the configured policy.
True,Incremental,True,https://github.com/twisted/incremental/blob/trunk/NEWS.rst,MIT,Automatic licence assessment meets the configured policy.
True,jaraco.classes,True,https://github.com/jaraco/jaraco.classes,MIT,Automatic licence assessment meets the configured policy.
True,jaraco.context,True,https://github.com/jaraco/jaraco.context,MIT,Automatic licence assessment meets the configured policy.
True,jaraco.functools,True,https://github.com/jaraco/jaraco.functools,MIT,Automatic licence assessment meets the configured policy.
True,jeepney,True,https://gitlab.com/takluyver/jeepney,MIT,Automatic licence assessment meets the configured policy.
True,jellyfish,True,https://codeberg.org/jpt/jellyfish/,MIT,Automatic licence assessment meets the configured policy.
True,Jinja2,True,https://github.com/pallets/jinja/,0BSD,Automatic licence assessment meets the configured policy.
True,jmespath,True,https://github.com/jmespath/jmespath.py,MIT,Automatic licence assessment meets the configured policy.
True,keyring,True,https://github.com/jaraco/keyring,MIT,Automatic licence assessment meets the configured policy.
True,license-expression,True,https://github.com/aboutcode-org/license-expression,Apache-2.0,Automatic licence assessment meets the configured policy.
True,licenseheaders,True,http://github.com/johann-petrak/licenseheaders,MIT,Automatic licence assessment meets the configured policy.
True,Mako,True,https://github.com/sqlalchemy/mako,MIT,Automatic licence assessment meets the configured policy.
True,Markdown,True,https://python-markdown.github.io/changelog/,BSD-3-Clause,Automatic licence assessment meets the configured policy.
True,markdown-it-py,True,https://github.com/executablebooks/markdown-it-py,MIT,Automatic licence assessment meets the configured policy.
True,MarkupSafe,True,https://discord.gg/pallets,BSD-3-Clause,Automatic licence assessment meets the configured policy.
True,mdurl,True,https://github.com/executablebooks/mdurl,MIT,Automatic licence assessment meets the configured policy.
True,more-itertools,True,https://github.com/more-itertools/more-itertools,MIT,Automatic licence assessment meets the configured policy.
True,nh3,True,https://github.com/messense/nh3,MIT,Automatic licence assessment meets the configured policy.
True,packaging,True,https://github.com/pypa/packaging,Apache-2.0 OR BSD-2-Clause,Automatic licence assessment meets the configured policy.
True,pdoc3,True,https://pdoc3.github.io/pdoc/,AGPL-3.0,Automatic licence assessment does not meet the configured policy; accepted after manual review: Accepted for this project since not distributed.
True,ply,True,http://www.dabeaz.com/ply/,0BSD,Automatic licence assessment meets the configured policy.
True,pyautoversion,True,https://github.com/ARMmbed/autoversion,Apache-2.0,Automatic licence assessment meets the configured policy.
True,pycparser,True,https://github.com/eliben/pycparser,BSD-3-Clause,Automatic licence assessment meets the configured policy.
True,Pygments,True,https://github.com/pygments/pygments/blob/master/CHANGES,BSD-2-Clause,Automatic licence assessment meets the configured policy.
True,pyparsing,True,https://github.com/pyparsing/pyparsing.git,MIT,Automatic licence assessment meets the configured policy.
True,python-dateutil,True,https://github.com/dateutil/dateutil,Unknown,Automatic licence assessment does not meet the configured policy; accepted after manual review: All contributions after December 1, 2017 released under dual license - either Apache 2.0 License or the BSD 3-Clause License..
True,python-dotenv,True,https://github.com/theskumar/python-dotenv,BSD-3-Clause,Automatic licence assessment meets the configured policy.
True,PyYAML,True,https://pyyaml.org/,MIT,Automatic licence assessment meets the configured policy.
True,rdflib,True,https://github.com/RDFLib/rdflib,BSD-3-Clause,Automatic licence assessment meets the configured policy.
True,readme_renderer,True,https://github.com/pypa/readme_renderer,Apache-2.0,Automatic licence assessment meets the configured policy.
True,regex,True,https://github.com/mrabarnett/mrab-regex,Apache-2.0 AND CNRI-Python,Automatic licence assessment does not meet the configured policy; accepted after manual review: Apache-2.0.
True,requests,True,https://github.com/psf/requests,Apache-2.0,Automatic licence assessment meets the configured policy.
True,requests-toolbelt,True,https://toolbelt.readthedocs.io/,Apache-2.0,Automatic licence assessment meets the configured policy.
True,rfc3986,True,http://rfc3986.readthedocs.io,Apache-2.0,Automatic licence assessment meets the configured policy.
True,rich,True,https://github.com/Textualize/rich,MIT,Automatic licence assessment meets the configured policy.
True,s3transfer,True,https://github.com/boto/s3transfer,Apache-2.0,Automatic licence assessment meets the configured policy.
True,SecretStorage,True,https://github.com/mitya57/secretstorage/issues/,BSD-3-Clause,Automatic licence assessment meets the configured policy.
True,semver,True,https://github.com/python-semver/python-semver,0BSD,Automatic licence assessment meets the configured policy.
True,setuptools,True,https://setuptools.pypa.io/en/stable/history.html,MIT,Automatic licence assessment meets the configured policy.
True,six,True,https://github.com/benjaminp/six,MIT,Automatic licence assessment meets the configured policy.
True,smmap,True,https://github.com/gitpython-developers/smmap,BSD-3-Clause,Automatic licence assessment meets the configured policy.
True,spdx-tools,True,https://github.com/spdx/tools-python,Apache-2.0,Automatic licence assessment meets the configured policy.
True,toml,True,https://github.com/uiri/toml,MIT,Automatic licence assessment meets the configured policy.
True,towncrier,True,https://github.com/twisted/towncrier,MIT,Automatic licence assessment meets the configured policy.
True,twine,True,https://packaging.python.org/tutorials/packaging-projects/,Apache-2.0,Automatic licence assessment meets the configured policy.
True,urllib3,True,https://urllib3.readthedocs.io/en/latest/security.html,MIT,Automatic licence assessment meets the configured policy.
True,wcmatch,True,https://github.com/facelessuser/wcmatch,MIT,Automatic licence assessment meets the configured policy.
True,xmltodict,True,https://github.com/martinblech/xmltodict,MIT,Automatic licence assessment meets the configured policy.
